/Installation/*        /installation/:splat   301
/Guides/*              /guides/:splat   301
/Development/*         /development/:splat   301
/API/*                 /api/:splat   301
/intro                                          /getting-started/intro   301
/screenshots                                    /getting-started/screenshots   301
/configuration                                  /configuration/environment-variables   301
/quick-sharing                                  /using-karakeep/quick-sharing   301
/import                                         /using-karakeep/import   301
/guides/search-query-language                   /using-karakeep/search-query-language   301
/openai                                         /administration/openai   301
/command-line                                   /integrations/command-line   301
/mcp                                            /integrations/mcp   301
/guides/different-ai-providers                  /configuration/different-ai-providers   301
/guides/singlefile                              /integrations/singlefile   301
/security-considerations                        /administration/security-considerations   301
/FAQ                                            /administration/FAQ   301
/troubleshooting                                /administration/troubleshooting   301
/guides/server-migration                        /administration/server-migration   301
/guides/legacy-container-upgrade                /administration/legacy-container-upgrade   301
/guides/hoarder-to-karakeep-migration           /administration/hoarder-to-karakeep-migration   301
/community-projects                             /community/community-projects   301
